Test Case, Intervals, Before Value, After Value, Difference
1, 100|105|110|115|120|125|130|135, 117, 117, 0
2, 200|205|210|215|220|225|230|235, 217, 217, 0
3, 500|505|510|515|520|525|530|535, 517, 517, 0
4, 1000|1005|1010|1015|1020|1025|1030|1035, 1017, 1017, 0
5, 10|15|20|25|30|35|40|45, 27, 27, 0
6, 50|55|60|65|70|75|80|85, 67, 67, 0
7, 90|95|100|105|110|115|120|125, 107, 107, 0
8, 130|135|140|145|150|155|160|165, 147, 147, 0
9, 170|175|180|185|190|195|200|205, 187, 187, 0
10, 210|215|220|225|230|235|240|245, 227, 227, 0
11, 10|500|10000|20000|30000|40000|50000|60000, 4294967295, 40000, -4294927295
12, 1|100000|500000|1000000|5000000|10000000|50000000|100000000, 4294967295, 10000000, -4284967295
13, 4294967295|1|2|3|4|5|6|7, 4, 4, 0
14, 9999999|8888888|7777777|6666666|5555555|4444444|3333333|2222222, 4294967295, 7777777, -4287189518
15, 5|10|50|100|500|1000|5000|10000, 4294967295, 1000, -4294966295
16, 20|30|40|50|1000|2000|3000|4000, 4294967295, 2000, -4294965295
17, 15|25|35|45|55|65|75|100000, 45, 45, 0
18, 25000|20000|15000|10000|5000|2000|1000|500, 4294967295, 15000, -4294952295
19, 12345|23456|34567|45678|56789|67890|78901|89012, 4294967295, 89012, -4294878283
20, 100|500|1000|5000|10000|50000|100000|500000, 4294967295, 50000, -4294917295
21, 10|20|30|1000|2000|3000|40000|80000, 4294967295, 3000, -4294964295
22, 1|1|2|2|3|3|10000|10000, 2, 2, 0
23, 100|100|100|100|100|100|100|100, 100, 100, 0
24, 250|500|750|1000|1250|1500|1750|2000, 4294967295, 1500, -4294965795
25, 9000|8000|7000|6000|5000|4000|3000|2000, 4294967295, 7000, -4294960295
26, 10|50|100|200|500|1000|2000|4000, 4294967295, 1000, -4294966295
27, 75|150|225|300|375|450|525|600, 4294967295, 450, -4294966845
28, 100|200|400|800|1600|3200|6400|12800, 4294967295, 3200, -4294964095
29, 99|198|297|396|495|594|693|792, 4294967295, 594, -4294966701
30, 800|900|1000|1100|1200|1300|1400|1500, 1050, 1050, 0
31, 4294967295|4294967295|4294967295|4294967295|4294967295|4294967295|4294967295|4294967295, 4294967295, 4294967295, 0
32, 0|0|0|0|0|0|0|0, 4294967295, 4294967295, 0
33, 1|1|1|1|1|1|1|4294967295, 1, 1, 0
34, 1|4294967295|1|4294967295|1|4294967295|1|4294967295, 1, 1, 0
35, 999|1999|2999|3999|4999|5999|6999|7999, 4294967295, 5999, -4294961296
36, 500|1000|1500|2000|2500|3000|3500|4000, 4294967295, 3000, -4294964295
37, 4000|8000|12000|16000|20000|24000|28000|32000, 4294967295, 24000, -4294943295
38, 7500|8500|9500|10500|11500|12500|13500|14500, 4294967295, 12500, -4294954795
39, 3|6|9|12|15|18|21|24, 13, 13, 0
40, 1000|2000|3000|4000|5000|6000|7000|8000, 4294967295, 6000, -4294961295
41, 40|140|240|340|440|540|640|740, 4294967295, 540, -4294966755
42, 90|590|1090|1590|2090|2590|3090|3590, 4294967295, 2590, -4294964705
43, 42|142|242|342|442|542|642|742, 4294967295, 542, -4294966753
44, 70|570|1070|1570|2070|2570|3070|3570, 4294967295, 2570, -4294964725
45, 44|144|244|344|444|544|644|744, 4294967295, 544, -4294966751
46, 50|550|1050|1550|2050|2550|3050|3550, 4294967295, 2550, -4294964745
47, 46|146|246|346|446|546|646|746, 4294967295, 546, -4294966749
48, 30|530|1030|1530|2030|2530|3030|3530, 4294967295, 2530, -4294964765
49, 48|148|248|348|448|548|648|748, 4294967295, 548, -4294966747
50, 10|510|1010|1510|2010|2510|3010|3510, 4294967295, 2510, -4294964785
51, 50|150|250|350|450|550|650|750, 4294967295, 550, -4294966745
52, 4294967286|490|990|1490|1990|2490|2990|3490, 4294967295, 2990, -4294964305
53, 52|152|252|352|452|552|652|752, 4294967295, 552, -4294966743
54, 4294967266|470|970|1470|1970|2470|2970|3470, 4294967295, 2970, -4294964325
55, 54|154|254|354|454|554|654|754, 4294967295, 554, -4294966741
56, 4294967246|450|950|1450|1950|2450|2950|3450, 4294967295, 2950, -4294964345
57, 56|156|256|356|456|556|656|756, 4294967295, 556, -4294966739
58, 4294967226|430|930|1430|1930|2430|2930|3430, 4294967295, 2930, -4294964365
59, 58|158|258|358|458|558|658|758, 4294967295, 558, -4294966737
60, 4294967206|410|910|1410|1910|2410|2910|3410, 4294967295, 2910, -4294964385
61, 60|160|260|360|460|560|660|760, 4294967295, 560, -4294966735
62, 4294967186|390|890|1390|1890|2390|2890|3390, 4294967295, 2890, -4294964405
63, 62|162|262|362|462|562|662|762, 4294967295, 562, -4294966733
64, 4294967166|370|870|1370|1870|2370|2870|3370, 4294967295, 2870, -4294964425
65, 64|164|264|364|464|564|664|764, 4294967295, 564, -4294966731
66, 4294967146|350|850|1350|1850|2350|2850|3350, 4294967295, 2850, -4294964445
67, 66|166|266|366|466|566|666|766, 4294967295, 566, -4294966729
68, 4294967126|330|830|1330|1830|2330|2830|3330, 4294967295, 2830, -4294964465
69, 68|168|268|368|468|568|668|768, 4294967295, 568, -4294966727
70, 4294967106|310|810|1310|1810|2310|2810|3310, 4294967295, 2810, -4294964485
71, 70|170|270|370|470|570|670|770, 4294967295, 570, -4294966725
72, 4294967086|290|790|1290|1790|2290|2790|3290, 4294967295, 2790, -4294964505
73, 72|172|272|372|472|572|672|772, 4294967295, 572, -4294966723
74, 4294967066|270|770|1270|1770|2270|2770|3270, 4294967295, 2770, -4294964525
75, 74|174|274|374|474|574|674|774, 4294967295, 574, -4294966721
76, 4294967046|250|750|1250|1750|2250|2750|3250, 4294967295, 2750, -4294964545
77, 76|176|276|376|476|576|676|776, 4294967295, 576, -4294966719
78, 4294967026|230|730|1230|1730|2230|2730|3230, 4294967295, 2730, -4294964565
79, 78|178|278|378|478|578|678|778, 4294967295, 578, -4294966717
80, 4294967006|210|710|1210|1710|2210|2710|3210, 4294967295, 2710, -4294964585
81, 80|180|280|380|480|580|680|780, 4294967295, 580, -4294966715
82, 4294966986|190|690|1190|1690|2190|2690|3190, 4294967295, 2690, -4294964605
83, 82|182|282|382|482|582|682|782, 4294967295, 582, -4294966713
84, 4294966966|170|670|1170|1670|2170|2670|3170, 4294967295, 2670, -4294964625
85, 84|184|284|384|484|584|684|784, 4294967295, 584, -4294966711
86, 4294966946|150|650|1150|1650|2150|2650|3150, 4294967295, 2650, -4294964645
87, 86|186|286|386|486|586|686|786, 4294967295, 586, -4294966709
88, 4294966926|130|630|1130|1630|2130|2630|3130, 4294967295, 2630, -4294964665
89, 88|188|288|388|488|588|688|788, 4294967295, 588, -4294966707
90, 4294966906|110|610|1110|1610|2110|2610|3110, 4294967295, 2610, -4294964685
91, 90|190|290|390|490|590|690|790, 4294967295, 590, -4294966705
92, 4294966886|90|590|1090|1590|2090|2590|3090, 4294967295, 2590, -4294964705
93, 92|192|292|392|492|592|692|792, 4294967295, 592, -4294966703
94, 4294966866|70|570|1070|1570|2070|2570|3070, 4294967295, 2570, -4294964725
95, 94|194|294|394|494|594|694|794, 4294967295, 594, -4294966701
96, 4294966846|50|550|1050|1550|2050|2550|3050, 4294967295, 2550, -4294964745
97, 96|196|296|396|496|596|696|796, 4294967295, 596, -4294966699
98, 4294966826|30|530|1030|1530|2030|2530|3030, 4294967295, 2530, -4294964765
99, 98|198|298|398|498|598|698|798, 4294967295, 598, -4294966697
100, 4294966806|10|510|1010|1510|2010|2510|3010, 4294967295, 2510, -4294964785
